,Unnamed: 0,업데이트영상,시간,시청기록,검색기록,키워드,추천영상,url
0,0,2인가족을 위한 간지나는 차,3시간 전,유대인이 네덜란드에서 부를 지배한 방법 f.홍익희 전 세종대 교수[신과함께 #179] ,요리사 두명이 캠핑을 가면 만드는 요리 (feat.미친고기양념 레시피) ,미국,https://www.youtube.com/watch?v=sOXm4LN-_OY,1박2일 두루가볼 전국 일주! 설마.. 오늘 간다고요?! [1박 2일 시즌4/Two Days and One Night 4] 20200329
1,1,"내년말까지 서울 최대 17% 하락 가능성 (김경민 서울대 교수, 하버드 박사)",5시간 전,3-Hour Study With Me [Quiet Study Music 🎵/ Campfire 🔥 / Ocean 🌊] 50/10 Pomodoro ,"ASMR 대충 귀파주다가 실수로 고막 제거한 간호사 롤플레이 | ear cleaning, nurse's mistake roleplay ",유학,https://www.youtube.com/watch?v=M9C5smMzgdc,"""한국은 모든 준비가 끝났다"" 미국의 역대급 재난에 한국만 바라보는 상황"
2,2,복근이 생겼습니다! 100일간의 다이어트 운동 후기 with 애플워치 6,6시간 전,4-HOUR STUDY WITH ME🗼 / calm lofi music / 🏕️Cracking Fire / Tokyo at LATE NIGHT / with timer+bell ,이다희 유독 진한 메이크업 잘 어울리는 이유? ,간호사,https://www.youtube.com/watch?v=epfVjtDvvpY,[항문질환] 치질수술이 두려운 당신에게... 항문질환 예방과 관리를 위한 tip
3,3,회사에서 재미를 추구하면 안 되는 걸까 | 네이버웹툰 개발자 채용설명회,스트리밍 시간: 6시간 전,3 AM Coding Session - Lofi Hip Hop Mix [Study & Coding Beats] ,"미국 고등학교 여자애들은 남자볼때 어디볼까? 외모,키,크기 중요함? | 한글자막 ",외국놈,https://www.youtube.com/watch?v=AsilR8QXUwg,"한눈에 보는 게임의 변천사, GTA 시리즈 [집마] (Evolution of Grand Theft Auto)"
4,4,수능이 붕괴한다? 벼랑 끝에 선 교육시장,6시간 전,🌙 Midnight Coding in Chicago | LoFi Jazz Hip-Hop [Code - Relax - Study] ,한국인보다 영어를 못하는 미국인? 영국영어 발음 :: British English vs American English. Two men in Korea talk about it. ,반응,https://www.youtube.com/watch?v=8-LxzbO3z5k,"ASMR 1인칭 여신강림 메이크업 상황극 (편안한 시각적 팅글, 화장품 탭핑) | True Beauty Goddess Advent Makeup(Eng sub) | 한국어"
5,5,Z 플립3의 놀라운 외부 화면 활용도 [4K],7시간 전,❄️ Winter Snow Coding in Chicago | 🎧 Lofi Hip-Hop Motivation ,2021년 신나는예술여행“교과서클래식으로 떠나는 세계일주”_디아트원(신석초등학교) ,★★,https://www.youtube.com/watch?v=3DAHNtlqBKU,0907  전고점 앞두고 급등한 중.일 - 가야할때 못간 한국 : 위험신호? / 일주일째 환율 1155부근 지지중 / 오늘밤 고용지표 재평가할 듯
6,6,해외직구 전자제품 중고로 못 파는 거 알고 계셨나요? 11년만에 불법이 합법으로 되었습니다.,8시간 전,역사는 2등을 기억하지 않아. l 귀족 자제들의 경합 전날 밤🌙 l 중세시대 공부 ASMR l 집중하기 좋은 저택 앰비언스 ,"무시당하던 ""한국""이 ""미국, 중국, 일본"" 쌈싸먹었던 전설의 사건 ",2스타,https://www.youtube.com/watch?v=tmkrtqeqieg,빡공시대 중3역사2[4-3](2)미국의 남북전쟁과 러시아의 근대화(2021교육과정)-음질개선판
7,7,요리사 두명이 캠핑을 가면 만드는 요리 (feat.미친고기양념 레시피),8시간 전,"""자네가 주임원사인가?""  ★★ 2스타 사단장의 반응 ",Z 플립3의 놀라운 외부 화면 활용도 [4K] ,★★2스타,https://www.youtube.com/watch?v=bOO9aRB16BM,"[여행GO!수:대천] Part1. 또 다른 바다. 게장 무한리필, 조개구이 무한리필, 스카이바이크, 바다멍"
8,8,"7 HOUR STUDY WITH ME | Background noise, Rain Sound, 10-min Break, No music, Study with Merve",8시간 전,★장군들끼리만 있으면 하는 말 (의외의 모습) ,"2021년무술일주운세, 무술일주2021년운세, 60갑자일주론, 정유역학강의, 명리기초, 사주심리학, : 근면성실 봉사성, 책임감과 총명함  :  정유역학강의. ",한국,https://www.youtube.com/watch?v=g3tTqJjaSLs,asmr but you can't find me
9,9,"물리 엔진과 게임 스토리텔링, 임어당의 한자 타자기, 거함·거포 시대의 종말",8시간 전,장삐쭈 '신병 시리즈'를 처음 본 ★★ 2스타 사단장 반응 ,한 장에 천 만원짜리 패션평가??? 근데 고등학생이라고??? 🙉 ,그랜드한,https://www.youtube.com/watch?v=yA2BewMXAVU,"물리 엔진과 게임 스토리텔링, 임어당의 한자 타자기, 거함·거포 시대의 종말"
10,10,[과학자가 쓴 과학책#13] 고재현 _빛으로 보는 세상 | 빛의 핵심,8시간 전,★★2스타 사단장도 긴장하는 순간들 (대통령 부대 방문ㄷㄷ) ,미국 엄마들의 포대기 아기 캐리어 해외 반응 | American Moms Try Korean Podaegi Baby Carrier ,일주,https://www.youtube.com/watch?v=M2z6LFqf2Fg,"[증시 셔터맨] 영국 사례로 미리보는 위드 코로나의 증시 영향 f. 유안타증권 박현상 차장, 한국투자증권 정호윤 연구원"
11,11,오타니 vs 다르빗슈 맞대결 드디어 성사 가능성은 #SPORTSTIME,8시간 전,푸른거탑 '사단장'을 본 ★★2스타 사단장 반응 ,[어서와리플레이] 땡볕에도 지치지 않는 장꾸 5인방의 술래잡기! l  ,만화,https://www.youtube.com/watch?v=M7vpqA3jhso,200년전 스코틀랜드로 시간을 거슬러 간 영국 엘리트 간호사 1부 [ 넷플릭스 드라마 추천 ]
12,12,The $140BN Plan to Change a Nation with Infrastructure,8시간 전,병사들은 소름 돋는 군대짤을 본 ★★ 2스타 사단장의 반응 ,어깨 비대칭 교정 시리즈 1 : 올라간 어깨 1분 30초 만에 교정 하기 (불균형 원리와 방법) [바디퍼스트 실전체형해부학 29] ,말싸움장인,https://www.youtube.com/watch?v=xnI1QBVKJEI,삼겹살에 치즈김치볶음밥 처음 먹어본 영국 고등학생들의 반응!?
13,13,호반꿀로 대동단결,9시간 전,군필자가 보면 소름돋는 영상을 본 ★★2스타 사단장 반응 ,"소향 리액션 반응 ""너무 아까워"" 순위, 반전 보컬코치 Vocal Coach! Ranking of the ""Unfortunately"" reaction to So Hyang ",ENTP(엔팁),https://www.youtube.com/watch?v=jvvRuPXCQoI,일주분석(2) - 인성의 특성이 강한 갑자일주
14,14,"김광현, 입지 흔들리나… LAD전 등판 취소→불펜 대기/ 19시 스포츠타임 뉴스 LIVE",스트리밍 시간: 9시간 전,중대장이 실망한 이유를 본 ★★2스타 사단장 반응 (군대 계급별 특징 장교 편) ,명문대 합격을 위한 에세이 브레인스토밍 tip! 효율적으로 에세이 쓰는법 ,리,https://www.youtube.com/watch?v=e6iuohGGYcI,요리사 두명이 캠핑을 가면 만드는 요리 (feat.미친고기양념 레시피)
15,15,나이 24살 l 3룸 매매해서 자취해요 l 몇평이에요? 모르겠는데요;; l 인천 부평 편 l,10시간 전,ISS through my Telescope (Compilation) ,[한국어ASMR] 탭핑ASMR ,사단장,https://www.youtube.com/watch?v=zdSZ79MuKC0,"을해 일주론 ""을해 일주 운세"" 乙亥을해 일주는  / 착하고 부드러운 사람, 지식으로 먹고살아간다"
16,16,무난한 출발은 했지만… 벤투호에 드리워진 '불안한 그림자' #SPORTSTIME,10시간 전,Galaxys and Nebulas through my Telescope (Deep Sky Objects) ,무난한 출발은 했지만… 벤투호에 드리워진 '불안한 그림자'  ,영상,https://www.youtube.com/watch?v=YyTx96HVE6M,[태연 메이크업] 최초공개!! 태연의 WEEKEND 뮤비 메이크업 대공개 ㅣ상상 그 이상의 메이크업 하우투ㅣ실 사용 아이템과 사용법 공개ㅣ최다 요청 위켄드 메이크업
17,17,70년 노포 곰탕집 : 소 X알 + 곶휴.. 싹둑.. 정력에 그렇게 좋다고..,10시간 전,Saturn through my Telescope ,'띵 시리즈' 베테랑 편집자에게 듣는 에세이 출판 기획의 모든 것 【말줄임표 S2E7】 ,스트리밍,https://www.youtube.com/watch?v=oEXEqn4wcOE,부산 브이로그🍓 한국 유치원 준비물 | 부침개 만들고 #피자스쿨 먹방 | 해운대 갓성비 맛집 | 아울렛 쇼핑 하울
18,18,손절해야 하는 인간관계,10시간 전,4억 5천만원 망원경으로 하늘을 봤더니... ,[ ,다운로드,https://www.youtube.com/watch?v=t6mQtUmrrIQ,역대 하계 패럴림픽(장애인 올림픽) 메달 순위 (1896-2020)
19,19,세종에 이것(?) 좀 생겼으면 좋겠다 Top5 #맥아침 #세종시생겼으면 #세종시리뷰,11시간 전,12인치 돕소니안 천체망원경으로 목성 토성 달 관측 ,❤연애 못하는 사람 특징❌ / 시리즈 액괴 시리즈액괴 시액 액괴시리즈 액시 슬라임 쥐돌님 연애 특징 시루 ,프로그램,https://www.youtube.com/watch?v=jU7TtdPCjxI,세종에 이것(?) 좀 생겼으면 좋겠다 Top5 #맥아침 #세종시생겼으면 #세종시리뷰
20,20,명문대 합격을 위한 에세이 브레인스토밍 tip! 효율적으로 에세이 쓰는법,15시간 전,[목성의 위성] 갈릴레이 위성을 줌(Zoom)으로 당겨보았습니다 Nikon P1000_Zoom Galiean Moons_Ganymede_Io_Europa_Callisto_KOREA ,ASMR. 치과도구(갈고리)  ,메이크업,,
21,21,형제는 용감했다....,15시간 전,"[못믿겠다해서 동영상으로 찍었음]토성, 목성, 달을 땡겨보면 정말 그 자리에 있을까? l Nikon P1000_Moon Saturn Jupiter Zoom Planet ",텐션 업  사장님~~ 놀라운 손기술 ,완전,,
22,22,서비스 정신이 결여된 그녀~~ㅋ,15시간 전,고도 1100미터 조경철 천문대에 다녀왔습니다!! ,"미국, 높은 백신 접종률에도 변이바이러스 확산 우려 / KBS 2021.04.17. ",|,,
23,23,텐션 업  사장님~~ 놀라운 손기술,15시간 전,10만원 망원경으로 성운촬영이 가능할까? 게다가 서울 -_-;; ,[ASMR] 통을 이용한 잠 오는 소리_입소리 단어반복 탭핑_ Unusual mouth sounds and tapping_ 口音 ,약속,,
24,24,과학과사람들 Live 신기한 과학사진 해설해드림!,스트리밍 시간: 15시간 전,"10만원으로 천체관측하기(달,토성 어포컬촬영) ",미국 여행할 때 맥도날드에서 반값으로 먹는 방법 ,방법,,
25,25,인플레시대에 돈 버는 방법과 가난해지는 이유 (아는선배),스트리밍 시간: 15시간 전,1월24일 현재 20만원이내 가성비 추천망원경! F900X80AZ ,%EB%82%B4%EB%85%84%EB%A7%90%EA%B9%8C%EC%A7%80%20%EC%84%9C%EC%9A%B8%20%EC%B5%9C%EB%8C%80%2017%%20%ED%95%98%EB%9D%BD%20... ,칫솔,,
26,26,역대 하계 패럴림픽(장애인 올림픽) 메달 순위 (1896-2020),17시간 전,병사들은 소름 돋는 군대 짤을 본 ★★ 2스타 사단장의 반응 (2탄) ,러시아가 한국에 대한 호감도 1위를 표한 진짜 이유?! (ft. 한국의 의리) ,팅글,,
27,27,[희소식] 유전성 혈관부종을 위한 예방약이 있나요? | 유전성 혈관부종 | 치료 2화,17시간 전,군대 계급별 특징을 본 ★★2스타 사단장 반응 (부사관 편) ,한국 아이스크림을 처음 먹어본 미국인들의 반응!? // Americans React to Korean Ice Creams!! ,초고속,,
28,28,PER 말고 저평가 주식을 찾는 방법 (EV/EBITDA활용법),19시간 전,Morning Coding in Chicago | LoFi Jazz Hip-Hop [Code - Relax - Study] ,데일리 10분컷 변장메이크업 / my daily 10 mins make-up💗 ,사람,,
29,29,,,초고속 팅글 ASMR ,"【리빙tv】손바닥 세계여행, 캄보디아 프놈펜에 평양랭면관이 있다 ",마이크,,
30,30,,,ASMR 립스틱 메이크업 가게💄Lipstick Make-up Shop asmr (SUB ✔) ,1편 유산소는 이제 그만  트리거의 최고의 살빼기 방법은 바로 이것!  [트리거15초] ,"무편집버전ㅣ입소리,탭핑,시각적팅글ㅣ화면",,
31,31,,,전쟁이 일어나면 ★장군들이 하는 일 ,"캄보디아서 대박난 매운 한국 라면, 미쎄울! (부제 : 그녀가 이마에 파스를 붙인 이유는?)  | មីហឹរសេអ៊ូល | 까니까 먹방 ",쿠션,,
32,32,,,장군이 되면 받는 놀라운 혜택들 (연봉 ㄷㄷ) ,한국 LG OLED TV의인기비결은???해외반응 – 일본이것이 한국의 기술이다!!일본방송에서 극찬하는 반응 ,브러슁,,
33,33,,,군필만 이해한다는 소름돋는 짤을 본 ★★2스타 사단장 ,"김광현, 입지 흔들리나… LAD전 등판 취소→불펜 대기/ 19시 스포츠타임 뉴스 LIVE ",영국,,
34,34,,,국정원 요원이 받는 비밀스런 훈련들(관상보는 훈련) ,초보의 '근육 수호신' VS 고수의 '전설 수호신'! 고수 수호신의 엄청난 핵사기 능력! 그리고.. [마인크래프트] ,한국의,,
35,35,,,국정원에 들어가게 되면 받는 것들 ,김정은 짤을 보고 한국인 드립에 충격받은 북한사람 반응 ,여행,,
36,36,,,Keep Calm and Study 📚 Ambient Lofi Jazz Music for Studying 🪴  [24/7 Live] ,외국인을 처음 만난 고등학생 반응 ,전세계,,
37,37,,,국정원에 들어가려면 필요한 의외의 조건들 ,아나콘다 시리즈 전편리뷰! 1부 원주민 모자이크 완료! (미안함) ,잠이솔솔,,
38,38,,,국정원에 합격해도 비밀인 이유(몰래 티내는 방법) ,파리 한복판 중국인들의 기이한 행동에 해외네티즌들 한국소환중인 이유 ,퍼프상점,,
39,39,,,4-Hour Study With Me [Muted Classical Piano Music + Fireplace] Pomodoro 50/10 ,올로드샵💙 메이크업 도구 포함 5만원으로 학생 풀메이크업 💙 화알못들 여기 여기 모여라 (저렴이템 추천) ,롤플레이,,
40,40,,,That Second Kiss ,"7 HOUR STUDY WITH ME | Background noise, Rain Sound, 10-min Break, No music, Study with Merve ",시리즈,,
41,41,,,3-Hour Study With Me [Quiet Study Music 🎵/ Campfire 🔥 / Ocean 🌊] 50/10 Pomodoro ,"전세계 32개국 교복 모음 (한국, 중국, 미국 등) ",•,,
42,42,,,4-Hour Study With Me [Muted Classical Piano Music + Fireplace] Pomodoro 50/10 ,"ASMR RAINBOW DESSERTS 무지개 먹방 팝핑보바, 보석젤리, 별사탕 먹방 POPPING BOBA, JELLY, GUMMY MUKBANG NO TALKING EATING ",액괴,,
43,43,,,Keep Calm and Study 📚 Ambient Lofi Jazz Music for Studying 🪴  [24/7 Live] ,미국 회사에서 자주 쓰는 비즈니스 영어 표현 50개! (구슬쌤 영상 총정리 3탄) ,시리즈액괴,,
44,44,,,"Chill Music Radio — Productive Vibe — Work, Study Mix ","미국 델타포스, 독일 GSG, 영국 SAS 등 전세계 특수부대가 벤치마킹하는 한국의 특수부대::그들의 존재는 2급 비밀 ",아베,,
45,45,,,3 AM Coding Session - Lofi Hip Hop Mix [Study & Coding Beats] ,"[해외반응]영국 G7 한국 공식 초청 일본네티즌 ""웃기고 있네"" ",엄마들,,
46,46,,,Motivation Playlist — Energetic Chillstep Music — Make Money Mix ,[머니올라 315화] 비대면 대출이 너무 쉬운 한국...왜 위험한가?(서영수 이사) ,포대,,
47,47,,,lofi beats to make money to / shopi-fi ,※런던 현지인 반응※ 런던 길거리를 토트넘 손흥민이 걸어다닌다면? (역시 월클⭐️)ㅣ ,고수,,
48,48,,,Evening Study With Me [3 HOURS] Quiet Focus Music ,회사에서 재미를 추구하면 안 되는 걸까 | 네이버웹툰 개발자 채용설명회 ,초보,,
49,49,,,Programming / Coding / Hacking music vol.19 (EASY THOUGHTS) ,[FULL VER.] 한국인이 이번 미국 대선에 주목해야 하는 이유 |  ,수호신,,
50,50,,,Programming * Hacker * Coding - Music Mix 2021 ,오타니 vs 다르빗슈 맞대결 드디어 성사 가능성은  ,근육,,
51,51,,,Lofi Coding Beats | Free Copyrights | Millennials Melody Originals ,"디지몬마스터즈 디마 ""그냥 신... 알파몬왕룡검X 각성 리뷰!!"" 말이 필요없습니다... 경이롭습니다... ",,,
52,52,,,Programming / Coding / Hacking music vol.16 (CONNECTION LOST) ,[경제 완전정복] 반도체 압력…미국의 속내와 우리의 대응은? (2021.04.13/뉴스외전/MBC) ,,,
53,53,,,"Work & Study Lofi Jazz - Relaxing Smooth Background Jazz Music for Work, Study, Focus, Coding ",범죄도시 마동석을 본 실제 강력계 형사 반응은? (ft.진실의 방 원조) ,,,
54,54,,,"Coffee Rain: Relaxing Jazz Music with Coffee Shop Ambience - Chill Music for Study, Work ",불곰국 시리즈를 본 러시아인 반응 ,,,
55,55,,,Galaxy Coding Session - Lofi Hip Hop Mix [Study & Coding Beats] ,"[🇺🇸🇯🇵]자연스럽게 눈2배✨커지는 사방트임 메이크업👀 눈 성형메이크업/앞,윗,뒷트임 하는 법/ ",,,
56,56,,,"Chillout Lounge - Calm & Relaxing Background Music | Study, Work, Sleep, Meditation, Chill ","경진일주, 일주론 사주강의 제17강 ",,,
57,57,,,Chillstep Music for Programming / Cyber / Coding ,한국의 괴물 팝핀댄서를 보고 기가죽은 프랑스 팝핀댄서!네덜란드 팝핀배틀대회장이 난리가 남!(팝핀호안VS프랭키VS소울빈)소마의리뷰리액션! ,,,
58,58,,,Traveling Mood Jazz - Relaxing Jazz playing on the Alley & Quarantine Music ,[해외통신] 한국은 전 세계적인 모델로서의 권위를 이어나가고 - 영국 방송 제목도  내용도 반응도 진하네요 ,,,
59,59,,,Happy Jazz on Coffee Shop Ambience - Relaxing Jazz Music and Bossa Nova for Good Mood ,ASMR 한국어 | 빠른 에너지로(?) 빠른 탭핑  ,,,
60,60,,,❄️ Winter Snow Coding in Chicago | 🎧 Lofi Hip-Hop Motivation ,한국영국 혼혈 ,,,
61,61,,,Chill Coding Session - Lofi Hip Hop Mix [Study & Coding Beats] ,[백브리핑] 경운기 부대의 '머드맥스'…한국관광공사 영상 또 터졌다 / JTBC 뉴스룸 ,,,
62,62,,,A.I. Coding in Chicago | 🎧 LoFi Hip-Hop [Code - Relax - Study] ,한국 쮸쮸바를 처음 보고 깜짝 놀란 미국 부모님 반응 ㅋㅋ ,,,
63,63,,,🌙 Midnight Coding in Chicago | LoFi Jazz Hip-Hop [Code - Relax - Study] ,평소 한국 차를 무시하고 소개 했던 해외 채널이 한국의 신차를 보고 극찬 한 이유(해외반응) ,,,
64,64,,,🍁Autumn Morning Coding in Chicago | LoFi Jazz Hip-Hop [Code - Relax - Study] ,한국인이 우크라이나 미녀에게 고백했을때 엄청난 반응ㄷㄷ ,,,
65,65,,,📚2-HOUR LATE NIGHT STUDY / gentle rain🌧 + lofi music  / 50 minute Pomodoro / with timer+bell ,문학소녀 ㅣ 오디오북 ㅣ 80일간의 세계 일주(Around the World in 80 Days) ㅣ 장편소설 ㅣ 문학소설 ㅣ 완독판 ,,,
66,66,,,2 AM Coding Session - Lofi Hip Hop Mix [Study & Coding Beats] ,"트리거 포인트...? 만성 통증 원인, 알기 쉽게 빵으로 설명해 드립니다! | 나는 몸신이다 292 회 ",,,
67,67,,,4-HOUR STUDY WITH ME🗼 / calm lofi music / 🏕️Cracking Fire / Tokyo at LATE NIGHT / with timer+bell ,👭친구한테 유튜브 하는거 들켰을 때 유형💥 / 시리즈 액괴 시리즈액괴 시액 액괴시리즈 액시 슬라임 대규모시리즈 유형 시루 ,,,
68,68,,,Coding in Chicago v2.0 | 🎧 24/7 LoFi Hip-Hop Radio ,한국 워터파크를 처음 가본 영국 신부님 크리스!! ,,,
69,69,,,Coding in Chicago | 🎧  LoFi Jazz Hip-Hop [Code - Relax - Study] ,"""한국은 제외 "" 미국 백악관의 초대형 발표에 한국은 웃고 일본은 난리난 현상황 ""왜 한국만 제외인가 대반전에 크게놀란 일본"" ",,,
70,70,,,chill lofi beats to code/relax to ,🇫🇷 각 나라별 “사랑해” 💌 • 시리즈 액괴 • 대규모 시리즈 액괴 • 액괴 시리즈 • 시리즈액괴 • 액괴시리즈 • 배화 ,,,
71,71,,,code-fi / lofi beats to code/relax to ,ㅌ 자중지란의 카오스 상황! ,,,
72,72,,,서울에 리조트가 생기다니✨ '파라스파라 서울(Paraspara Seoul)' 스위트룸&인피니티풀&조식 Full Review! ,아마도 수능 전 마지막 세계일주 주부-유즈노사할린스크 ,,,
73,73,,,LA아줌마 150회 : 미국 로스앤젤레스 한인타운 아파트 투어 The Pearl On Wilshire ,발명가과학자천재작사작곡가가수국왕 남광희여왕 1957년 11월23 일생 01084553359 전국경제인연합회 전경련회관총재 방송회관총재 국가통치권자인국왕남광희여왕억울해 분통터진다 ,,,
74,74,,,[미국 유학] 졸업 후 취업 잘되는 미국 유학 전공과 유학 방법 ,"아내가 바람필 때 나타나는 증거잡기 I 책, 책추천 ",,,
75,75,,,의료용대마로 효과를 볼수있는 질병리스트 [초록연기] Medical conditions you can help with Marijuana ,뷰티유튜버삐삐의 꿀팁메이크업1탄~3탄 모아보기 / 인싸가족 시트콤 ,,,
76,76,,,"[ASMR] 무편집버전ㅣ입소리,탭핑,시각적팅글ㅣ화면에 쿠션 발라주기,마이크 브러슁 ",💁‍♀친절한 왕초보 데일리 메이크업🌟수정화장법 꿀팁 ,,,
77,77,,,"3년 간 매출 0원, 지금은 매년 떡상중 📈 ",절 ,,,
78,78,,,"스트리밍 영상 다운로드 프로그램 끝판왕 , 모든 스트리밍 사이트의 영상을 다운로드 받을 수 있어요!! ",신축년운세 -계일간(6개 일주별) ,,,
79,79,,,파이썬 크롤러 - 서브페이지 링크 수집하기 ,대 ,,,
80,80,,,파이썬 크롤러 - 서브페이지 링크 모두 수집하기 02 ,전판 일꾼 뺏기고 화난상대의 유닛을  또 뺏어봤더니 미친듯이 화난 상대ㅋㅋ ,,,
81,81,,,오징어 게임 | 공식 예고편 | 넷플릭스 ,미국 간호사가 돈가스 처음 먹어본 인상은?! 외국놈들의 그랜드한 한국 일주 시리즈 1편!! ,,,
82,82,,,직접 뽑은 30만원짜리 산삼백숙을 만난 외국놈들?! 외국놈들의 그랜드한 한국 일주 시리즈 5편!! ,"갑오일주(甲午日柱), 사주명리학 일주론 강의 제31강 ",,,
83,83,,,⚡️진절미 본업 최초공개 ,[한국어ASMR] 신인 아이돌 메이크업샵 롤플레이 💄 Make up artist RP (ENG SUB) ,,,
84,84,,,[친남매] 알라딘 A Whole New World 따라잡기 ^!^ ,Pokémon Omega Ruby and Pokémon Alpha Sapphire Animated Trailer ,,,
85,85,,,전소미 VS 땡깡 (DUMB DUMB) ,고수 못 먹는 분들을 위한 헌정 영상 ,,,
86,86,,,전소미님 만난 날 ,%EC%BD%A9%EB%8B%A5%EC%BD%A9%EB%8B%A5(%EC%8B%AC%EC%9E%A5%EC%86%8C%EB%A6%AC+%EC%9E%85%EC%86%8C%EB%A6%AC)%EB%8F%99%EC%8B... ,,,
87,87,,,여왕국 (Queendom) ,속보 아베 결국 정계은퇴? 충격적인 일본인들 반응 // 아베 끝나나 ,,,
88,88,,,곰 앞에서 죽은척을 하면? ,희 ,,,
89,89,,,스테이씨 띵곡 메들리 (ASAP + SO BAD) ,반 ,,,
90,90,,,[땡깡의 커튼콜] 스테이씨 X 땡깡 (색안경) ,'인간의 본능' 때문에 한국에서 아이를 낳지 않는다? 수도권 집중과 저출생 문제의 관계/스브스뉴스 ,,,
91,91,,,📸 카메라 무빙.zip ,ASMR ,,,
92,92,,,[4K] 에스파 “넥스트 레벨” 풀커버 🖤🐍🔫 (aespa “NEXT LEVEL” full ver.) ,트리거 ,,,
93,93,,,Next Level 🖤🐍🔫 ,방글라데시 ,,,
94,94,,,[MBTI 일상툰] 유형별 돈 빌려달라고 했을 때 반응 ,한우 ,,,
95,95,,,[오리지널] Ep_11 mbti별 카톡방 유형 ,수술 ,,,
96,96,,,[MBTI 일상툰] MBTI 유형별 청소할 때 ,마이크 ,,,
97,97,,,[MBTI 유형별 사랑] 엔티제 (ENTJ) 편 ,파이썬 ,,,
98,98,,,MBTI 유형별 특징 공감7 ,메이크업 ,,,
99,99,,,MBTI별 진짜 화났을 때 모습 [SOM] ,탭핑 ,,,
100,100,,,한국에는 사실상 아무도 없다는 MBTI 성격유형 TOP3 ,입소리 ,,,
101,101,,,entj공감 ,롤플레이 ,,,
102,102,,,"[ENTJ 댓글읽기] 뭐든 받으면 꼭 돌려줌, 좋은 거든 나쁜 거든ㅣ오두막🛖에서 시작해도 야망 하나로 빌딩🏙 세우는 사람들,, ",초보 ,,,
103,103,,,[무지개맨] EP.1 우리의 무지개 맨 ,고수 ,,,
104,104,,,말싸움장인 ENTP(엔팁) 모음 (MBTI만화) ,알파 ,,,
105,105,,,MBTI만화 올리면 달리는 댓글들..속상행 ,고등학생 ,,,
106,106,,,MBTI 16명 단체 사진 찍기 (MBTI만화) ,화상교육 ,,,
107,107,,,MBTI 수련회 (MBTI만화) ,영국 ,,,
108,108,,,MBTI 여름나기 (MBTI만화) ,반응 ,,,
109,109,,,1년만에 영화관 가서 흥분한 INFP (MBTI 만화) ,시리즈 ,,,
110,110,,,10초만에 자기소개하기 [2] (MBTI 만화) ,일주 ,,,
111,111,,,MBTI 유치원 (MBTI 만화) ,외국놈 ,,,
112,112,,,MBTI 올림픽 시청하기  (MBTI 만화) ,한국 ,,,
113,113,,,MBTI 인생네컷 찍는법 (MBTI 만화) ,캄보디아 ,,,
114,114,,,MBTI 경로당/노인정 (MBTI 만화) ,캄보디안 ,,,
115,115,,,MBTI 방과후 분식집 (MBTI 만화) ,엄마 ,,,
116,116,,,MBTI 16유형 아침인사 (MBTI 만화) ,엄마 ,,,
117,117,,,[ASMR] 약속 늦었다! 완전 빠른 메이크업 해줄게 😎ㅣ투쿨포스쿨ㅣ말 완전 많음 소곤소곤 💖 ,캄보디아 ,,,
118,118,,,★역대급 사기맵★ 287연승을 했다는 사기맵 끝판왕을 만났습니다ㄷㄷ ,캄보디안 ,,,
119,119,,,ASMR 잠이솔솔 메이크업 퍼프상점 롤플레이 /ASMR Sleepy Makeup Sponges Shop RP/ makeup sounds ,미국 ,,,
120,120,,,초보 vs 고수 ASMRist / The Beginner Vs Master ASMRist ,하루 1억원 팔린 텍사스 바베큐 스페어립 / texas style barbecue s... ,,,
121,121,,,중국인 발작버튼 눌러보았습니다 ,하루 1억원 팔린 텍사스 바비큐 스페어립 / texas style barbecue s... ,,,
122,122,,,15초 안에 게임 끝남ㅋ ,saturn telescope ,,,
123,123,,,there's someone I'd like you to meet... ,토성 관측 고화질 ,,,
124,124,,,고졸 개발자의 현실적인 조언 ,토성 관측 망원경 ,,,
125,125,,,Don't Be A Programmer ,천체망원경 토성 ,,,
126,126,,,how programmers attend meetings at big tech companies ,"스트리밍 영상 다운로드 프로그램 끝판왕 , 모든 스트리밍 사이트의 영상을 다운로드 받을 수 있어요!! ",,,
127,127,,,한중일 출신이 구글에서 더 올라가지 못하는 3가지 이유 ,that second kiss ,,,
128,128,,,chill lofi beats to code/relax to ,coding music ,,,
129,129,,,If Programming Was An Anime ,하루 1억원 팔린 텍사스 바비큐 스페어립 / texas style barbecue s... ,,,
130,130,,,Why Microsoft Word is the best IDE for programming ,[풀버전] 차지연의 美친 고음폭발↗ ′Defying Gravity′ 뮤지컬 위키드 中... ,,,
131,131,,,My Ultimate Work From Home Desk Setup for Productivity ,"금연 중엔 보면 안 되는, 수컷의 영상 🔥 Andy Grammer - My Own ... ",,,
132,132,,,"I Built a Trading Bot to let Subscribers Trade $25,000 on Twitch ",내가아는 제일웃긴 일반인여성과 데이트 [뚬더커플 vlog] ,,,
133,133,,,a day in the life of an engineer working from home ,https://www.youtube.com/watch?v=TZhJ4cz32nU ,,,
134,134,,,how programmers attend meetings at big tech companies ,초고속 탭핑으로 잠들어봐요 /SUPER FAST  ,,,
135,135,,,웹페이지 하나로 3일만에 천만원 버는 방법 ,Springboard chop  professional lumberjack Mark-... ,,,
136,136,,,[007 노 타임 투 다이] 메인 예고편 ,ASMR✂️머리감겨주는 미용실 RP/ a Tingly Hairdresser RP  ,,,
137,137,,,돈 없어서 프리미어 못쓴다고? 100% 무료 이거 쓰세요 ,패션쇼 난입한 고양이의 뻔뻔한 '캣워크' ,,,
138,138,,,[ASMR] 약속 늦었다! 완전 빠른 메이크업 해줄게 😎ㅣ투쿨포스쿨ㅣ말 완전 많음 소곤소곤 💖 ,"[ASMR] SUB 츤데레 친언니가 화장 해줄게_뷰러탭핑,풀메이크업_ Putting ... ",,,
139,139,,,"타이레놀, 아스피린, 탁센, 이지엔6. 객관적으로 누가 더 쎌까? 약사가 정리 해 드립니다. ","치과 asmr / lizzu’s dental 🦷 리쮸 / 핀셋소리 , 충치치료 , ... ",,,
140,140,,,"""2년간 박재범과 음악했어"" 한국에 적응 못해 미국가서 유명한 힙합가수가 된 한국남자 l 미국#14 ",ASMR 잠이솔솔 메이크업 퍼프상점 롤플레이 /ASMR Sleepy Makeup Sponges Shop RP/ makeup sounds ,,,
141,141,,,Enjoy Your Life! - 미국 투쏜에서 ,Beluga Whale Retrieves Girl's Phone | CONTENTbi... ,,,
142,142,,,은행들이 1층 버리고 2층으로 올라가는 진짜 이유는... (ft. 핀크) ,lucky day of this 😱 ,,,
143,143,,,미국 듀랑고에서 침낭이랑 충전기 사러 돌아다니는 영상 ,미국 길 위에서의 나날 【아메리카5】 ,,,
144,144,,,네바다 사막 나들이 【아메리카7】 ,시청기록 ,,,
145,145,,,"[ASMR] 속시원한 빠른 탭핑 (feat.입소리,시각적팅글) ",Unnamed: 0 ,,,
146,146,,,https://www.youtube.com/watch?v=q_isqtigXuA ,"[한사랑산악회]시장 나들이,,, ",,,
147,147,,,한국 휴게소 먹거리를 처음 만난 미국 간호사의 생각은?! 외국놈들의 그랜드한 한국 일주 시리즈 4편!! ,[천상나르샤]  유연석과 함께 즐기는 RPG  슬기로운 게임생활 TVC 최초 공개!!... ,,,
148,148,,,"ASMR *팅글 100%* 정신없는 단어반복 2탄! |👄소리 많음 | 옴뇸뇸 또각 뽀득 따끔 싹둑 푸푸 콕콕 키득 등 trigger words, 100%Tingles ",뭔가 빠져드는 예측불허 입소리 / Super Intense Unpredictable ... ,,,
149,149,,,ASMR 10분 안에 100가지 소리 / 고인물을 위한 짧고 빠른 트리거 ,https://www.youtube.com/watch?v=Mnoh9UwDkf4 ,,,
150,150,,,[ASMR] Fast Tapping! 💤 (No Talking) ,"단언컨대, 카트라이더 대회 명경기 단 하나만 뽑으라면.. 0.005초의 영역 ",,,
151,151,,,ASMR | 여러가지 사물탭핑과 입소리 / Tapping Sound and Mouth Sound ,스쿼드에 나타난 석궁빌런 [배틀그라운드] ,,,
152,152,,,👄무지막지한 입소리 ASMR/ Ultra FAst Mouth Sounds ASMR w/ Triggers ,세계여행자들이 절대 오지 않는 방글라데시.. 나는 왔다. 정말 죽을거같다.. l 방글... ,,,
153,153,,,Tapping with Nails ASMR (손톱으로 물건 탭핑하기) ,"스트리밍 영상 다운로드 프로그램 끝판왕 , 모든 스트리밍 사이트의 영상을 다운로드 받을 수 있어요!! ",,,
154,154,,,"[ASMR] 속시원한 빠른 탭핑 (feat.입소리,시각적팅글) ","[ASMR] SUB 츤데레 친언니가 화장 해줄게_뷰러탭핑,풀메이크업_ Putting on makeup role playing 💄 ",,,
155,155,,,SSD 부팅속도  #shorts ,[용진] GRWM VLOG 올빽 슬릭백 하는 법 ,,,
156,156,,,"실시간 서울 한강 라이브캠, 재택근무 로파이 노동요, 반포대교 노을멍 ソウルライブ Seoul Hangang 4K Live Cam w/ Lofi 21/07/01~ ",[ASMR] 입소리   핸드무브먼트   카메라터칭 ,,,
157,157,,,삼겹살에 치즈김치볶음밥 처음 먹어본 영국 고등학생들의 반응!? ,"그냥 누워계십쇼 30분안에 잠이 올겁니다 / Just Lie Down, You'll ... ",,,
158,158,,,"[과제를 위한 파이썬] #2 - 형태소 분석하기 (konlpy 설치, 사용법) ","S전자 다니는 사람의 집은 어떻게 생겼을까? l 특 : 애플, 다이소 좋아함 l 고양... ",,,
159,159,,,jazz/lofi hip hop radio🌱chill beats to relax/study to [LIVE 24/7] ,2021년의 미국 여행 【아메리카0】 ,,,
160,160,,,공부 할 때 듣기 좋은 피아노 BGM ⎮ cold water piano radio ☕️ ⎮ relax study to ⎮ stay with me ⎮ 직접 연주한 100곡 ,그랜드한 한국 일주 시리즈!! (예고편) ,,,
161,161,,,25만원으로 40억 누적수익을 낸 30살 주식계의 실전깡패 돈깡.. 어떻게 한거냐 l 영앤리치#1 ,올바른 칫솔 고르는 방법! | 이것 딱 한가지만 기억하시면 됩니다~! | 치과의사가 ... ,,,
162,162,,,"""하루에 한번 총격 사고가 나"" 미국경찰마저 포기한 LA의 유일한 범죄도시 ""South central LA"" l 미국#13 ","""너희한테 소중한건 뭐야?"" 미국 최악의 도시에서 캄보디안 깽들이 지키고자하는것 EP... ",,,
163,163,,,미국 로드트립 360도 영상 USA Road Trip Timelapse 360 Video ,의상이 좀..곤란한데요...😳 ,,,
164,164,,,미국 증기기관차 타보기 【아메리카6】 ,"ASMR/SUB 스냅 촬영을 위한 메이크업과 헤어 스타일링💄💇 마믅 뷰티 살롱(후시 녹음) Makeup, Hair Styling Roleplay ",,,
165,165,,,알고리즘 실력 유형별 공감 (입문자~썩은물) ,초보 vs 고수 ASMRist / The Beginner Vs Master ASMRist ,,,
166,166,,,팅글을 뽑아내는 마이크 / MIC Pulling ASMR ,ASMR 잠이솔솔 메이크업 퍼프상점 롤플레이 /ASMR Sleepy Makeup Sponges Shop RP/ makeup sounds ,,,
167,167,,,ASMR 풀메이크업 받고 가세요! / Sleepy Fast Makeup Sounds ASMR (Personal Attention) ,ASMR 잠이솔솔 메이크업 퍼프상점 롤플레이 /ASMR Sleepy Makeup Sponges Shop RP/ makeup sounds ,,,
168,168,,,팅글을 못 느끼는 사람을 위한 ASMR / ASMR For Who Don't Get Tingles ,ASMR 잠이솔솔 메이크업 퍼프상점 롤플레이 /ASMR Sleepy Makeup Sponges Shop RP/ makeup sounds ,,,
169,169,,,정신없는 메이크업 ASMR / Makeup Roleplay ,초보 vs 고수 ASMRist / The Beginner Vs Master ASMRist ,,,
170,170,,,ASMR💄화면위에 해주는 실감나는 메이크업 RP / A Sleepy Friend Does Realistic Makeup on the screen ,ASMR 핸드무브먼트 장인의 단어반복 | 브러쉬 | 팅글보장 | Tingly Trigger Words | Brushing ,,,
171,171,,,Soy와 패스트 트리거 ASMR / ASMR Fast Triggers with Soy ,ASMR 잠이솔솔 메이크업 퍼프상점 롤플레이 /ASMR Sleepy Makeup Sponges Shop RP/ makeup sounds ,,,
172,172,,,ASMR✂️부정적인 생각 뽑아내기 / ASMR Plucking Away Your Negative Thoughts / (Screen Pulling) ,초보 vs 고수 ASMRist / The Beginner Vs Master ASMRist ,,,
173,173,,,ASMR) 당신은 마이크 입니다 / ASMR You're The MICROPHONE !! ,asmr 잠이솔솔 메이크업 퍼프상점 롤플레이 /asmr sleepy makeup sponges shop rp/ makeup sounds ,,,
174,174,,,"그냥 누워계십쇼 30분안에 잠이 올겁니다 / Just Lie Down, You'll Fall Asleep Within 30 minutes! ",La아줌마 ,,,
175,175,,,ASMR Triggers with Friend (feat. Reyong) ,진절미 ,,,
176,176,,,"[ASMR] 속시원한 빠른 탭핑 (feat.입소리,시각적팅글) ",땡깡 넥스트레벨 ,,,
177,177,,,[ASMR] 투쿨포스쿨 화장품 빠른탭핑과 화장품 직접 발라보기💋ㅣ신상 리뷰ㅣtoo cool for school ,Entj ,,,
178,178,,,"[ASMR] 무편집버전ㅣ입소리,탭핑,시각적팅글ㅣ화면에 쿠션 발라주기,마이크 브러슁 ",매튜브 사기맵 ,,,
179,179,,,초보 vs 고수 ASMRist / The Beginner Vs Master ASMRist ,공부할 때 듣는 해리포터 OST 모음🧙‍♂️🧙‍♀️ [motemote│모트모트│... ,,,
180,180,,,가난한 남자의 ASMR / A Poor Man ASMR ,"블랙홀에 맨몸으로 들어가도 안 죽는다고? 인터스텔라의 블랙홀, 웜홀 총정리 ",,,
181,181,,,정신없는사람 VS 차분한사람...  / Friends ASMR ,드디어... 전한길쌤과 만났습니다... ,,,
182,182,,,ASMR 고수 VS 고수 / ASMR PRO vs PRO ASMRtist ,이것이 어른의 레고다 – “나에게 레고란”  종합 편 ,,,
183,183,,,ASMR 잠이솔솔 메이크업 퍼프상점 롤플레이 /ASMR Sleepy Makeup Sponges Shop RP/ makeup sounds ,영국에 한국 분식집 생겼는데 현지인들 줄서고 난리남!!🤭 ,,,
184,184,,,"[ASMR] 뇌신경검사 2탄 후각,청각,촉각,시각 실감나는검사_のうしんけいけんさ,cranial nerve test_리쮸 LIZZU🖤 ",ASMR 360° VR Mic | Tuning Fork Deep Ear 3D Vibr... ,,,
185,185,,,ASMR 찐친이 해주는 메이크업💟 (실제로 받는 느낌!) 大親友がしてくれるメイク！| Best friend does your makeup ,Sufjan Stevens - Visions of Gideon ,,,
186,186,,,ASMR 퍼프 소리만 1시간😉 여러가지 빠르기 | puff sound ,The Best Kitesurfing Spots in the World 4K - Pa... ,,,
187,187,,,1인칭 고퀄리티 메이크업 ASMR(부잣집 아가씨 첫 등교 메이크업) | First Person Makeup for Lady(Eng sub) | 한국어 상황극 | 100%잠이오는 ,세상에서 가장 복잡한 이론은 무엇인가? [안될과학 랩미팅 - 카오스 이론 1부] ,,,
188,188,,,ASMR 중국식 귀청소👂Chinese Ear Cleaning Roleplay (SUB✔️) ,Cook Chinese Comedy Food TikTok Eat - Nấu món ă... ,,,
189,189,,,"ASMR/SUB 스냅 촬영을 위한 메이크업과 헤어 스타일링💄💇 마믅 뷰티 살롱(후시 녹음) Makeup, Hair Styling Roleplay ",OMG SCARY MOVING STATUE 123 M Views London  ,,,
190,190,,,Powder Puffs Only: Realistic ASMR [퍼프소리/No Talking] Korean Makeup Roleplay [No Talking] ,"[ASMR]간질간질 단어반복과 핸드무브먼트ㅣ코,볼,속눈썹,귀 간지럽히기ㅣTicklin... ",,,
191,191,,,"Korean ASMR | 다양한 퍼프소리 | Puff sound |실리콘퍼프,웨지퍼프,에어퍼프| Silicon puff,air puff,make-up sponge ",[ASMR] 러쉬 판매 롤플 💟 _ LUSH Cosmetics Store Role-... ,,,
192,192,,,ASMR.SUB 입소리 가득한 단어 반복으로 재우는 퍼프 판매샵|Makeup puff shop that makes you fall asleep by repeating words ,ASMR 핸드무브먼트 장인의 단어반복 | 브러쉬 | 팅글보장 | Tingly Trigger Words | Brushing ,,,
193,193,,,ASMR(SUB)얼굴을 쓰담쓰담 브러쉬로 재워드릴게요🌙/Brushing Your Face to Help You Sleep. Close Up Personal Attention ,ASMR 잠이솔솔 메이크업 퍼프상점 롤플레이 /ASMR Sleepy Makeup Sponges Shop RP/ makeup sounds ,,,
194,194,,,"ASMR | 시각적 팅글👁 면봉, 브러쉬, 포크로 화면 긁기 | Visual Trigger | Cotton swab, Fork, Brush ",초보 vs 고수 ASMRist / The Beginner Vs Master ASMRist ,,,
195,195,,,💕시각적 팅글이 엄청난 소리모음 ASMR💕 | 고체형광펜+핀셋+왕솜털펜+포크+브러쉬 | 노토킹 ASMR | 학생 ASMR ,ASMR 핸드무브먼트 장인의 단어반복 | 브러쉬 | 팅글보장 | Tingly Trigger Words | Brushing ,,,
196,196,,,ASMR 핸드무브먼트 장인의 단어반복 | 브러쉬 | 팅글보장 | Tingly Trigger Words | Brushing ,공부할 때 듣는 해리포터 OST 모음🧙‍♂️🧙‍♀️ [motemote│모트모트│... ,,,
197,197,,,[ASMR] 핑크 브러쉬터칭과 빠른입소리 30분연속듣기 _ brush touching _리쮸 ,"블랙홀에 맨몸으로 들어가도 안 죽는다고? 인터스텔라의 블랙홀, 웜홀 총정리 ",,,
198,198,,,산군 ,드디어... 전한길쌤과 만났습니다... ,,,
199,199,,,"[ASMR]입소리와 스크린 브러쉬🖤 톡톡,뽀롱,간질간질 ",이것이 어른의 레고다 – “나에게 레고란”  종합 편 ,,,
200,200,,,[ASMR]12분 만에 잠 들수 있는 소리_비즈통/향수/뷰러/카메라커버/수분크림_오랜만이라 어색해요🥸 ,영국에 한국 분식집 생겼는데 현지인들 줄서고 난리남!!🤭 ,,,
201,201,,,"[ASMR] SUB 츤데레 친언니가 화장 해줄게_뷰러탭핑,풀메이크업_ Putting on makeup role playing 💄 ",ASMR 360° VR Mic | Tuning Fork Deep Ear 3D Vibr... ,,,
202,202,,,[ASMR]츤데레 언니가 집에서 팩 붙여주고 스킨케어 해줄게👩‍🦰.. 너무 졸리면 자도 돼 ,Sufjan Stevens - Visions of Gideon ,,,
203,203,,,[ASMR] 화면에서 뽑아내는듯 손짓과 입소리ㅣmouth sound coming out of the screen ,The Best Kitesurfing Spots in the World 4K - Pa... ,,,
204,204,,,잠이 안오시나요? 10가지 소리로 재워드립니다 / Can't you sleep? I'm Gonna Help You w/ 10 Triggers ,세상에서 가장 복잡한 이론은 무엇인가? [안될과학 랩미팅 - 카오스 이론 1부] ,,,
205,205,,,How to scrape a website that requires login using Python ,Cook Chinese Comedy Food TikTok Eat - Nấu món ă... ,,,
206,206,,,🎧 팝송 안 듣는 사람도 빠져버릴 노래 : The Kid LAROI - WITHOUT YOU [가사/해석/lyrics] ,OMG SCARY MOVING STATUE 123 M Views London  ,,,
207,207,,,Hazel English - California Dreamin' (Official Audio) ,"[ASMR]간질간질 단어반복과 핸드무브먼트ㅣ코,볼,속눈썹,귀 간지럽히기ㅣTicklin... ",,,
208,208,,,Hazel English - Never Going Home [Official Video] ,[ASMR] 러쉬 판매 롤플 💟 _ LUSH Cosmetics Store Role-... ,,,
209,209,,,Hazel's Adventures: Palm Springs Edition ,ASMR 핸드무브먼트 장인의 단어반복 | 브러쉬 | 팅글보장 | Tingly Trigger Words | Brushing ,,,
210,210,,,"나의 💚제니💚 에게, 𝗘𝗕𝗘𝗡 - 𝗝𝗲𝗻𝗻𝘆 [가사/해석/lyrics] ",ASMR 잠이솔솔 메이크업 퍼프상점 롤플레이 /ASMR Sleepy Makeup Sponges Shop RP/ makeup sounds ,,,
211,211,,,무스탕 원티드와 한국 서울의 미친 루프탑핑 ,"[ASMR]간질간질 단어반복과 핸드무브먼트ㅣ코,볼,속눈썹,귀 간지럽히기ㅣTicklin... ",,,
212,212,,,한국 1인칭 파쿠르 시점  Real Parkour and Rooftop Skate Jump POV 🇰🇷 ,[ASMR] 러쉬 판매 롤플 💟 _ LUSH Cosmetics Store Role-... ,,,
213,213,,,인라인 스케이트로 건물사이를 뛰게된다면? ,공부할 때 듣는 해리포터 OST 모음🧙‍♂️🧙‍♀️ [motemote│모트모트│... ,,,
214,214,,,생존신고 올립니다! (덧글ㅡQ&A) ,"블랙홀에 맨몸으로 들어가도 안 죽는다고? 인터스텔라의 블랙홀, 웜홀 총정리 ",,,
215,215,,,날 좋은데 친구들과 보드 어떠세요? ,드디어... 전한길쌤과 만났습니다... ,,,
216,216,,,1억주면 한다 안한다?에 흔한영상 ,이것이 어른의 레고다 – “나에게 레고란”  종합 편 ,,,
217,217,,,바나나 락 챌린지 (Banana lock challenge) 한국의 파쿠르와 리얼 아시아 루프탑핑! ,영국에 한국 분식집 생겼는데 현지인들 줄서고 난리남!!🤭 ,,,
218,218,,,📞전애인한테 전화하게 만드는 노래 : 𝗟𝗔𝗡𝗬 - 𝘂𝗽 𝘁𝗼 𝗺𝗲 [가사/해석] ,ASMR 360° VR Mic | Tuning Fork Deep Ear 3D Vibr... ,,,
219,219,,,🛫5:00PM : AIRPLANE MODE ,Sufjan Stevens - Visions of Gideon ,,,
220,220,,,한국인이 좋아할 수밖에 없는 노래 : New Hope Club - Know Me Too Well [가사/해석] ,The Best Kitesurfing Spots in the World 4K - Pa... ,,,
221,221,,,"🔥그냥 찢었다 : Skrillex, Justin Bieber & Don Toliver - Don’t Go [가사/해석/lyrics] ",세상에서 가장 복잡한 이론은 무엇인가? [안될과학 랩미팅 - 카오스 이론 1부] ,,,
222,222,,,춘천에서 숯불닭갈비를 처음 만난 미국 간호사의 반응은?! 외국놈들의 그랜드한 한국 일주 시리즈 3편!! ,Cook Chinese Comedy Food TikTok Eat - Nấu món ă... ,,,
223,223,,,화이자 접종시 심근염 예방 위해 이 약을 준비하세요 ,OMG SCARY MOVING STATUE 123 M Views London  ,,,
224,224,,,"🔊 코로나19 예방접종 후 이상반응, 무엇이든 물어보세요! 심근염·심낭염(국민편) ",블랙홀 웜홀 ,,,
225,225,,,숨 가쁜데?  심근염 괜찮을까?…걱정되는 백신 '이상 반응' 대처법 / JTBC 뉴스룸 ,"블랙홀에 맨몸으로 들어가도 안 죽는다고? 인터스텔라의 블랙홀, 웜홀 총정리  ",,,
226,226,,,'mRNA 백신' 대표 부작용 '심근염'·'심낭염'…어떤 증상? (2021.07.05/뉴스데스크/MBC) ,2021년 8월 22일 ,,,
227,227,,,"스트리밍 영상 다운로드 프로그램 끝판왕 , 모든 스트리밍 사이트의 영상을 다운로드 받을 수 있어요!! ",펭수 ,,,
228,228,,,에이다 암살자 ,독도새우를 처음 먹고 충격받은 외국인 미녀 ,,,
229,229,,,미국 증기기관차 타보기 【아메리카6】 ,"블랙헤드, 모공 말끔히 세안하는 클렌징오일 세안법 | 완전 상세 ",,,
230,230,,,미국 길 위에서의 나날 【아메리카5】 ,15초 안에 게임 끝남ㅋ ,,,
231,231,,,새로운 친구들과 릴레이 ASMR / Relay ASMR with NEW FRIENDS ,울트라셋 ,,,
232,232,,,미국 최악의 범죄도시 스탁튼을 장악한 캄보디안 갱들과의 하룻밤 EP1 l 미국#3 ,ASMR ,,,
233,233,,,프랑스 시골 마을 생활기 【유라시아108】 ,ASMR ,,,
234,234,,,"[ASMR] 속시원한 빠른 탭핑 (feat.입소리,시각적팅글) ",파이썬 코딩 tk ,,,
235,235,,,[ASMR]시각적 팅글 수면유도 눈 수술👀ㅣ솜 소독ㅣ스케일러ㅣ아로마롤링 ,asmr ,,,
236,236,,,[ASMR] 통을 이용한 잠 오는 소리_입소리 단어반복 탭핑_ Unusual mouth sounds and tapping_ 口音 ,ASMR ,,,
237,237,,,[ASMR] 러쉬 판매 롤플 💟 _ LUSH Cosmetics Store Role-Playing ,ASMR ,,,
238,238,,,[ASMR]츤데레 언니가 집에서 팩 붙여주고 스킨케어 해줄게👩‍🦰.. 너무 졸리면 자도 돼 ,konlpy csv ,,,
239,239,,,[ASMR]이중 레이어드 수면유도ㅣ화면터칭 시각적 팅글ㅣDouble layered whisper ,빠니보틀 미국 ,,,
240,240,,,[ASMR] 정신없이 빠른 레이어드 영상ㅣ입소리+빠른탭핑+시각적팅글ㅣ특이한 편집 ,초보 고수 asmr 크온구 ,,,
241,241,,,[ASMR] 직접 문지르는듯 한 촉진ㅣ시각적팅글ㅣ간지러운 속삭임 ,초보 고수 asmr ,,,
242,242,,,[ASMR]빠른 인어디블 말소리 반복과 잠오는 손짓_뻐끔이 속삭임_Inaudible word repetation ,메이크업 asmr ,,,
243,243,,,[ASMR] 입소리 + 핸드무브먼트 + 카메라터칭 ,퍼프 asmr ,,,
244,244,,,[ASMR] 긴 손톱으로 빠른 탭핑 ❤️‍🔥ㅣ소곤소곤 수다떨자 🤗 ,브러쉬 시각적 팅글 ,,,
245,245,,,[ASMR]잘난척대마왕 직원의 대왕귀 바스락 귀청소ㅣ마른귀지 파는소리ㅣ잠이 솔솔오게 사부작사부작 귀파주기_리쮸LIZZU🖤 ,브러쉬 asmr ,,,
246,246,,,[ASMR] 팅글 뽑아내기 🌠 (입소리) / 잠오는 소리 _ 리쮸 Lizzu ,hazel english ,,,
247,247,,,[ASMR]노토킹 귀청소ㅣ귀소독ㅣ바세린바르기ㅣ귀뚫고 귀걸이 끼우기👂🏻 ,고층 파쿠르 ,,,
248,248,,,"[ASMR]너의 걱정,우울,슬픔,불면증을 핀셋으로 뽑아서 불어버릴께ㅣ덤으로 행복,행운 채워주기ㅣ사랑스런 너의 슬픔덜어주기🤍ㅣ기분좋은 롤플레잉ㅣ리쮸LIZZU ",크온구 ,,,
249,249,,,당신이 원하던 화면브러쉬 터칭 / screen brush touching / 강한소리 주의 [리쮸 asmr] おやすみ ,Asmr 빠른 ,,,
250,250,,,[ASMR]Eng. 스케일러로 귀파주는 이상한 귀청소샵_고인물도 팅글느끼는 마이크 귀파주기_잠오는 귀지파는소리_리쮸LIZZU ,rokseal 이근대위 ,,,
251,251,,,[ASMR]팅글을 느끼지 못하는 환자 팅글 회복 수술하기_귓속수술_수술 롤플 ,5x5 루틴 ,,,
252,252,,,[ASMR]앞머리 잘라드릴게요_조금 이상한 8년차 디자이너🥺_미용실 롤플레잉_Hair shop cutting roleplaying ,크온구 ,,,
253,253,,,"[ASMR] 무편집버전ㅣ입소리,탭핑,시각적팅글ㅣ화면에 쿠션 발라주기,마이크 브러슁 ",과즙세연 제로투 심하게 매운맛 ,,,
254,254,,,"[ASMR]입소리와 스크린 브러쉬🖤 톡톡,뽀롱,간질간질 ",과즙세연 제로투 ,,,
255,255,,,"치과 asmr / lizzu’s dental 🦷 리쮸 / 핀셋소리 , 충치치료 , 스케일링 scailing / 수면유도 ",홈페이지 마케팅 ,,,
256,256,,,림밤으로 화면터칭 +단어반복 asmr / 리쮸 / 팅글대박🙌🏻 ,브리타  ,,,
257,257,,,[ASMR]SUB. 잠오는 충치치료와 스케일링_나긋하고 친절한 의사선생님🦷 치과 롤플 _cavity treatment and scaling RP ,케틀 보틀 ,,,
258,258,,,"뇌신경 검사 롤플레이 / 후각 , 불빛 시각 검사 _ 리쮸 asmr (cranial nerve test) 잠오는 영상 ",타임 타이머 ,,,
259,259,,,[ASMR]SUB. 쌍꺼풀 수술 롤플레잉 _ Double eyelid surgery role-playing _ 二重まぶた手術 ,셀레니움 유튜브 로그인 ,,,
260,260,,,[ASMR]뭔가 이상한 눈 초점검사/안과 롤플레잉/잠오는 안구 신경 검사/리쮸 ,셀리니움 로그인 ,,,
261,261,,,"[ASMR] SUB 츤데레 친언니가 화장 해줄게_뷰러탭핑,풀메이크업_ Putting on makeup role playing 💄 ",홈페이지 마케팅 ,,,
262,262,,,아로마 향으로 낮잠자기 좋은날 🌿롤링롤링 리쮸 asmr _ 잠오는소리 _ 시각적팅글 ,블록체인 파이썬 ,,,
263,263,,,[ASMR]인어디블 초근접 간지럽히기🤣 간질간질 단어반복 ,클렌징 오일  ,,,
264,264,,,"[ASMR] 뇌신경검사 2탄 후각,청각,촉각,시각 실감나는검사_のうしんけいけんさ,cranial nerve test_리쮸 LIZZU🖤 ",남자 고데기 빗 ,,,
265,265,,,[ASMR] 초근접 마이크 물고 입소리ㅣ뇌까지 전달되는 팅글 ,희철리즘 ,,,
266,266,,,[ASMR] 화면에서 뽑아내는듯 손짓과 입소리ㅣmouth sound coming out of the screen ,빠니보틀 미국 ,,,
267,267,,,미니마이크 💋소리 asmr 리쮸 / 초코초코 단어반복 🔮 word recitation / repeated word ,스타트업 초기 ,,,
268,268,,,[ASMR]배에서 이상한 소리가 나요🤒 꼬륵꾸르륵 korea upset Stomach asmr ,장고 장점 ,,,
269,269,,,초보 vs 고수 ASMRist / The Beginner Vs Master ASMRist ,그누보드 ,,,
270,270,,,여자친구 몰래 센스 있는 선물하기 꿀팁 6가지 | 클래씨 ,캔들워머 ,,,
271,271,,,"[강남자바사물인터넷(IOT)개발학원] 세계 주류 쇼핑몰 홈페이지 개발(IT 프로젝트 포트폴리오, 국비무료교육, 강남 이젠아이티(IT)컴퓨터학원) ",아프가니스탄 ,,,
272,272,,,취업전선에 부는 ’코딩 열풍‘...실상은? / SBS / 후스토리 ,크온구 ,,,
273,273,,,"헬스 초보자에게 5x5 루틴이 왜 좋은가 ?? - [ 근비대, 근력향상 다 잡는  5x5 스트렝스 루틴 설명 ] ",리솜 포레스트 ,,,
274,274,,,초보 vs 고수 ASMRist / The Beginner Vs Master ASMRist ,호텔 오노마 ,,,
275,275,,,팅글주의! 내가 엄선한 트리거 사운드 ASMR / This Is My Favorite Triggers ASMR For YOU! ,치실 ,,,
276,276,,,정신없는사람 VS 차분한사람...  / Friends ASMR ,코로나 화이자 ,,,
277,277,,,100% 수면보장 빠져드는 입소리 / You Will Fall Asleep To this MOUTH SOUNDS ASMR ,자연어처리 ,,,
278,278,,,Washing You💧 ASMR ,클리니컬스트렝스 ,,,
279,279,,,The Departed deleted scene - Delahunt a cop or not? ,디오비 스타일러 ,,,
280,280,,,if Apple made Window Blinds ,고양이 자동화장실 ,,,
281,281,,,브리타 정수 능력 검증 실험 ,커뮤니티사이트 창업 ,,,
282,282,,,외국놈들이 밥버거랑 처음 만났을 때 벌어진 일?! 외국놈들의 그랜드한 한국 일주 시리즈 2편!! ,빗소리 재즈 ,,,
283,283,,,"코딩 1도 모르던 문과생이 개발자 된 썰 | 취업 전후로 알았으면 좋았을 것들 |해외취업|  좋아하는 일 vs 잘하는 일 | 부트캠프 vs 국비지원 | 개발 적성, 취준생, 직장인 ",asmr ,,,
284,284,,,"3년 간 매출 0원, 지금은 매년 떡상중 📈 ",어서와한국은처음이지 ,,,
285,285,,,"Work & Study Lofi Jazz - Relaxing Smooth Background Jazz Music for Work, Study, Focus, Coding ",롯데타워 출근 외국인 ,,,
286,286,,,고수의 ASMR 화상교육 롤플레이/ PRO ASMRTIST teaches ASMR to Beginner RP (video chat ver.) ,롯데타워 출근 ,,,
287,287,,,ASMR 무슨소리일까? / Let's Guess the ASMR Triggers ,롯데타워 화장품회사 ,,,
288,288,,,"귀 마사지 No talking ASMR | 맨손, 로션 귀, 라텍스장갑 | Ear Massage  | Lotion ear massage | Latex gloves massage ",정소림 ,,,
289,289,,,공부할 때 듣는 가사 없는 애니 OST 🎹 【𝐦𝐨𝐭𝐞𝐦𝐨𝐭𝐞｜𝐩𝐥𝐚𝐲𝐥𝐢𝐬𝐭｜모트모트｜플레이리스트】 ,,,,
290,290,,,공부할때 듣는 조용한 빗소리와 재즈 피아노 BGM soft rain jazz piano play ⎮ relax study to ,,,,
291,291,,,"Work & Study Lofi Jazz - Relaxing Smooth Background Jazz Music for Work, Study, Focus, Coding ",,,,
292,292,,,월급노예 탈출 시켜준 1권의 책 ,,,,
293,293,,,"누적투자 2000억, 세계 1위 채팅 솔루션 기업 센드버드 창업기 | 센드버드 대표 김동신 [리얼밸리 시즌2 EP 17] ",,,,
294,294,,,스타트업 서바이벌 오디션 🦄유니콘하우스 참가자 모집 ,,,,
295,295,,,영국 고등학생들에게 불닭볶음면을 줘봤더니…?ㅎ🔥🥵 얘들아 미안…;;🚽 ,,,,
296,296,,,인도여행 포기합니다.. 새벽에 비행기표 사고 긴급 귀국합니다.. l 인도#4 ,,,,
297,297,,,말도 안되는 인도의 문화.. 문화 충격을 느껴서 속이 울렁거린다.. 진짜 집에 가야겠다 l 인도#3 ,,,,
298,298,,,세계여행자들이 절대 오지 않는 방글라데시.. 나는 왔다. 정말 죽을거같다.. l 방글라데시#1 ,,,,
299,299,,,"클론코딩 ""제대로"" 하는 방법 #Shorts ",,,,
300,300,,,고양이들 미용하고 목욕하기 ,,,,
301,301,,,스킨케어 풀코스 압출 피부관리 롤플레이 asmr | skin care shop full course roleplay asmr | pimple popping | korean asmr ,,,,
302,302,,,दुश्मन कॉलर पकड़े तो 😱#missionsavenirbhaya #selfdefencetechniqe  #commandofitnessclub ,,,,
303,303,,,최고의 카우보이 목격 ,,,,
304,304,,,Big Whale surfing with the Surfers rare moment ever seen | Animal Video | Whale ,,,,
305,305,,,세상에서 가장 위협적인 동물 레서판다3🦝 ,,,,
306,306,,,자기야 눈감고 뭔지 마춰봐요 ,,,,
307,307,,,통쾌킹_그아들에 그아빠 #shorts ,,,,
308,308,,,확실한 강아지 배변교육 #shorts ,,,,
309,309,,,Dogs not being carful ,,,,
310,310,,,갈고리 돌리기 초급편 ,,,,
311,311,,,배그 고인물은 C4를 이렇게 사용합니다 ㅋㅋㅋㅋㅋ ,,,,
312,312,,,whale rescued in Alaska great work ,,,,
313,313,,,"다이어트 자극, 20kg 감량 과정 #shorts ",,,,
314,314,,,WINTER BUSHCRAFT BUILD NATURAL PRIMITIVE BARK ROOF SHELTER Campfire Cooking in Snow #Shorts ,,,,
315,315,,,jackie chan WhatsApp status ,,,,
316,316,,,Crazy Behind The Scenes Stunts! #shorts ,,,,
317,317,,,운동화매듭 ,,,,
318,318,,,물에 빠트린 핸드폰 찾아주는 돌고래 ,,,,
319,319,,,배그 프로 베릴 정점의 1대4 미친  올킬 세이브!!   [배틀그라운드] #Shorts #Youtube Shorts ,,,,
320,320,,,Cruisin up to the giant. ,,,,
321,321,,,Street bike climbs enduro hill climb ,,,,
322,322,,,올라간다 ~~ (할아버지가 포인트) ,,,,
323,323,,,경찰서 간 마동석 ,,,,
324,324,,,The NEWEST WAVE of Technology @beyondant_llc ‼️ ,,,,
325,325,,,파리에서 까리하게 문워크추는 흑형 ,,,,
326,326,,,woodworking tips  #shorts ,,,,
327,327,,,Beluga Whale Retrieves Girl's Phone | CONTENTbible #Shorts ,,,,
328,328,,,Angry Dog Attitudes ,,,,
329,329,,,나태주3단차기 ,,,,
330,330,,,역시 삼성이야 ~ ,,,,
331,331,,,The world need more people like this | Good People |#Shorts ,,,,
332,332,,,看什么看 ,,,,
333,333,,,Just foil boarding around 😅 ,,,,
334,334,,,스쿼드에 나타난 석궁빌런 [배틀그라운드] ,,,,
335,335,,,Shamu is hunting ,,,,
336,336,,,"Killer Whale, amazing! ",,,,
337,337,,,태권도 발차기 ,,,,
338,338,,,Cute Moments in Tennis #3 ,,,,
339,339,,,한국 미국 화장법 차이? ,,,,
340,340,,,2021년 8월 22일 ,,,,
341,341,,,공포의 고래 ,,,,
342,342,,,VR 여전사 ,,,,
343,343,,,20170318-イルカショー後のイルカとスタッフのやりとり笑 ,,,,
344,344,,,[김루이] 지인들에게 김루이🐦 얘기하면 흔히보이는 반응들😅 #회색앵무새 #shorts ,,,,
345,345,,,몽산포 맛조개 ,,,,
346,346,,,패션쇼 난입한 고양이의 뻔뻔한 '캣워크' ,,,,
347,347,,,Table Tennis Trickshots In Slowmotion#2 ,,,,
348,348,,,@m@zing jumping in sky 💅 #$hort video status ,,,,
349,349,,,장도연 | 바카디 마시는 법 ,,,,
350,350,,,[1분상식] 코뿔소에게 방사능 물질을 주사하면 벌어지는 일.. #shorts ,,,,
351,351,,,[김루이]유정이시리즈(2)-실수를 깨달은 앵무새🐦그러나 이미 늦었… #shorts ,,,,
352,352,,,Brachistochrone curve. Fastest route for a ball. ,,,,
353,353,,,신당동과일천국 수박썰기 ,,,,
354,354,,,How Animation Movie Sound Effects are Made ,,,,
355,355,,,흥미로운 영상! 우리와는 다른 영국군의 군화 물광내는 방법(ft.근위병) ,,,,
356,356,,,이시영 마술 ,,,,
357,357,,,바퀴벌레 살충제로 떡칠하기.. ,,,,
358,358,,,비행기에 갖고 타면 큰일나는 금속 #Shorts ,,,,
359,359,,,따라하면 인싸되는 해커가 되는 3가지 방법 #Shorts ,,,,
360,360,,,배그 프라이팬 사용법 [배틀그라운드] ,,,,
361,361,,,밥안먹을때 경쟁자를 심어주자 ,,,,
362,362,,,#shuffle #shuffledance​ ,,,,
363,363,,,콩이 자라나는 과정 ,,,,
364,364,,,'무중력'에 대해 99%가 오해하는 사실!  #Shorts ,,,,
365,365,,,Laser Engraved Police Badge ,,,,
366,366,,,"Big Rohu Fishing🎣 | Fishing fish,🐳🎣🦈 fish catching,Amazing fish | Top D Fishing All ",,,,
367,367,,,https://www.youtube.com/watch?v=D0OYGT9Q-Eo ,,,,
368,368,,,Cara mudah menangkap ular cobra ,,,,
369,369,,,"elephant is elephant, ",,,,
370,370,,,리트리버가 모르고 지나가자 놀라버린 주인 반응 #shorts ,,,,
371,371,,,고양이 vs 쥐 ,,,,
372,372,,,아직 살아있는 예비역 ,,,,
373,373,,,포장에 미쳐버린 신상 애플 아이맥 M1 퍼플 언빡싱 (1분 요약) ,,,,
374,374,,,사람을 가지고 노는 마법사 ,,,,
375,375,,,Fish ,,,,
376,376,,,새끼 강아지가 처음으로 짖자 놀란 진돗개 반응 ,,,,
377,377,,,Must try this spring potato  🥔❤️ Bessi Beach | #shorts #streetfood #chennaifood ,,,,
378,378,,,범고래가 물개를 사냥하는 방법..소름... ,,,,
379,379,,,Двухсторонняя заточка кухонных ножей Global ,,,,
380,380,,,Bowfishing sniper head shot from a dam ,,,,
381,381,,,Boxing Coach Shows Off Speed Bag Skills 👊👊 ,,,,
382,382,,,@jordi.koalitic - best Photographer in the world 🌎 😍 #Shorts ,,,,
383,383,,,대명동 은행나무 털기 ,,,,
384,384,,,NAYAK NAHI KHALNAYAK HU MAI ,,,,
385,385,,,실제로보면 엄청 놀라는마술 ,,,,
386,386,,,Satisfying Skills #shorts ,,,,
387,387,,,阿海師真功夫表演1 ,,,,
388,388,,,큐브계의 전설 펠릭스 젬덱스 세계기록 영상 ,,,,
389,389,,,صنع الزجاج ,,,,
390,390,,,這才是真正的優質偶像#LeBron James#basketball#shorts ,,,,
391,391,,,#AmazingTricks2.0 #short #shorts #AmazingTrick #Youtubeshorts #idea #crazy ,,,,
392,392,,,"소방관마술사 탁구공,돈,공중부양마술 ",,,,
393,393,,,그냥 넣기만 해도 물을 퍼올리는 마법의 빨대?_데일리쿠키 EP15 #Shorts ,,,,
394,394,,,"5년전 알파고 vs 이세돌의 신의 한 수, 당황한 알파고 개발진들의 반응 ",,,,
395,395,,,OSKAR?!?!😱 ,,,,
396,396,,,تسريحه مرتبه 😍❤️ | لاتطووفكم ,,,,
397,397,,,VR 댄스 ,,,,
398,398,,,Pipe Relining ,,,,
399,399,,,Forcible Entry ,,,,
400,400,,,댕댕이 알약먹이기 ,,,,
401,401,,,스피커 만들기 ,,,,
402,402,,,這街頭Battle～連外國人都讚嘆！！！ ,,,,
403,403,,,"단언컨대, 카트라이더 대회 명경기 단 하나만 뽑으라면.. 0.005초의 영역 ",,,,
404,404,,,케익장인 ,,,,
405,405,,,https://www.youtube.com/watch?v=Mnoh9UwDkf4 ,,,,
406,406,,,연예인 실물 / 청하 ,,,,
407,407,,,💀 아프가니스탄 쳐들어갔다가 역으로 당한 나라들 / 💀 아프간이 제국의 무덤이라 불리는 이유 ,,,,
408,408,,,30초로 보는 남자장발 1년4개월 기르는 과정 ,,,,
409,409,,,[스파이더맨: 노 웨이 홈] 티저 예고편 ,,,,
410,410,,,KOREAN ASMR | 감기 병원 검진 asmr |flu check up asmr | hospital rp | 체온계 청진기 | thermometer | stethoscope ,,,,
411,411,,,양자역학에서 이론적으로만 존재할 수 있던 물체 ,,,,
412,412,,,[후토크] 아스날 팬 옆에서 웃다 걸리면 사망 ,,,,
413,413,,,너무 빡친 동업자 옆에서 웃음 챌린지 해봤습니다. ,,,,
414,414,,,의상이 좀..곤란한데요...😳 ,,,,
415,415,,,정소림신음 ,,,,
416,416,,,통계학과 학생이 알려주는 데이터 분석법 ,,,,
417,417,,,부산 수영장에서 잠깐의 휴식을~ ,,,,
418,418,,,[🚨영상볼때 꼭 뒤를 확인하세요🚨] 제가 좀 많이 아파요... ,,,,
419,419,,,ASMR 잠이 솔솔 거인 치아 치료 상황극 🦷  Feat. 숲속치과 🌲/ Giant Teeth Treatment 🦷 Forest Dentistry 🌲/ Eng sub / 日本語字幕 ,,,,
420,420,,,EU ESPERO QUE VOCÊ EXPERIMENTE ISSO AQUI NA COREIA | 그냥 된장찌개만 퍼먹는 외국인 아내 (Feat. 나트륨 주의) ,,,,
421,421,,,NOSSA ROTINA DA NOITE (Quando filho dorme) | 한브 가족의 저녁 일상 Night Routine ,,,,
422,422,,,Meu pai comendo comida coreana pela primeira vez! ,,,,
423,423,,,알아두면 깜놀! 넷플릭스 백엔드의 진실!? ,,,,
424,424,,,한국 어플리케이션 수준에 감탄한 이란인들(feat. 부산여행) ,,,,
425,425,,,이란인들이 말하는 이란에 가져가면 진짜 대박날 것 같은 한국 물건들 ,,,,
426,426,,,한국 KTX 열차속도에 진심으로 감동한 이란인들 ,,,,
427,427,,,Minha família experimentando GUKBAP! ,,,,
428,428,,,미국 간호사가 돈가스 처음 먹어본 인상은?! 외국놈들의 그랜드한 한국 일주 시리즈 1편!! ,,,,
429,429,,,정소림신음 ,,,,
430,430,,,정소림 신음사건 ,,,,
431,431,,,BounceBackMeek ft. Javn2900 - Lay Down (Exclusive Music Video) || Dir. Shoot Something ,,,,
432,432,,,MAC OSX에서 파이썬 한국어 자연어 처리 도구인 KoNLPy 설치하기 ,,,,
433,433,,,"[과제를 위한 파이썬] #2 - 형태소 분석하기 (konlpy 설치, 사용법) ",,,,
434,434,,,'김현우' 얇은 머리 드라이 스타일링 하는 법! See-through Parted Hair Tutorial | 죠셉Joseph ,,,,
435,435,,,(슬릭백)뜨는 직모도 어려움없이 시원하게 넘겨드립니다./슬릭백스타일링 ,,,,
436,436,,,[용진] GRWM+VLOG 올빽 슬릭백 하는 법&강남 핫플에서 경품 타기🎁 ,,,,
437,437,,,한국 남자가 [슬릭백 언더컷]을 하면 왜 서양애들 같은 느낌이 안 사는걸까? (남자머리 고민 해결!)_요상한TV ,,,,
438,438,,,[남자 올백머리 스타일] 긴머리남자분들 이렇게 한번 해보세요! 핵 이쁨! ,,,,
439,439,,,3개월만에 4등급을 1등급으로 만든 '서울대 소자쌤'의 수학공부법 | 수능 공부법 ,,,,
440,440,,,"""우릴 다 쫒아내려해"" 가난한 미국 동네에 산다는 '진짜' 의미 EP6 l 미국#8 ",,,,
441,441,,,고수의 ASMR 화상교육 롤플레이/ PRO ASMRTIST teaches ASMR to Beginner RP (video chat ver.) ,,,,
442,442,,,[공부방법 1탄] 연세대 의대교수출신 박사가 애용한 공부방법 ,,,,
443,443,,,"샌프란시스코의 무법지대 ""텐더로인""에 가면 생기는일 l 미국#2 ",,,,
444,444,,,"미국의 공공임대주택 단지, 극빈곤층 흑인마을에서의 하루 l 미국#10 ",,,,
445,445,,,"""우리도 이렇게 싸워"" 한국의 깡패 영화를 처음 본 캄보디안 갱스터들의, 영화 '신세계' 반응 EP7 l 미국#9 ",,,,
446,446,,,"""애네 진짜 일진이야?"" 캄보디안 갱스터들이 리뷰하는 '한국일진, 국밥육수충' EP5 l 미국#7 ",,,,
447,447,,,"""너 진짜 죽고 싶니?"" 캄보디안 갱스터들이 나를 처음보고 했던 말과 행동들 EP4 l 미국#6 ",,,,
448,448,,,"블랙헤드, 모공 말끔히 세안하는 클렌징오일 세안법ㅣ완전 상세 ",,,,
449,449,,,"""너희한테 소중한건 뭐야?"" 미국 최악의 도시에서 캄보디안 깽들이 지키고자하는것 EP3 l 미국#5 ",,,,
450,450,,,손가락질을 받으면서도 미국에서 깽으로 사는 이유 EP2 l 미국#4 ,,,,
451,451,,,미국 최악의 범죄도시 스탁튼을 장악한 캄보디안 갱들과의 하룻밤 EP1 l 미국#3 ,,,,
452,452,,,51구역을 둘러보다 【아메리카4】 ,,,,
453,453,,,51구역을 둘러보다 【아메리카4】 ,,,,
454,454,,,Web Scraping Popular YouTube Videos | Python One Day Builds ,,,,
455,455,,,Web Scraping with Python - Beautiful Soup Crash Course ,,,,
456,456,,,[Python Project] Create a YouTube Channel Videos Scraper with Python | Part 1 ,,,,
457,457,,,스포츠 역사상 가장 말도 안되는 30가지 순간 ,,,,
458,458,,,스포츠에서 설레발은 모다? '김칫국 세리머니'하다 낭패당한 선수들 / 스포츠머그 ,,,,
459,459,,,"ASMR 터치 팅글 & 입소리(콕콕,슈르륵..) /Mouth Sounds/Hand movement ",,,,
460,460,,,99% 잠오는 단어반복 ASMR / 99% of You will Fall asleep with this Word Repeating ASMR ,,,,
461,461,,,통계학과 학생이 알려주는 데이터 분석법 ,,,,
462,462,,,ASMR 잠이 솔솔 거인 치아 치료 상황극 🦷  Feat. 숲속치과 🌲/ Giant Teeth Treatment 🦷 Forest Dentistry 🌲/ Eng sub / 日本語字幕 ,,,,
463,463,,,유튜브제목과 댓글을 #크롤링! [ #R쓸신잡 R Selenium 제 2 편 ] ,,,,
464,464,,,잠이 안오시나요? 10가지 소리로 재워드립니다 / Can't you sleep? I'm Gonna Help You w/ 10 Triggers ,,,,
465,465,,,24년차 의사가 알려주는 의학용어풀이 ((전)의대교수님과 study with me) ,,,,
466,466,,,당신이 들어본적 없는 입소리 / Unpredictable Fast ASMR ,,,,
467,467,,,"Peaceful Piano With Water Sounds for Stress Relief - Relaxing Sleep Music, Meditation Music ",,,,
468,468,,,SKYFALL | Bond meets Q ,,,,
469,469,,,알리익스프레스 당신의 삶의 질을 높여줄 놀라운 생활용품 아이디어 제품 BEST8 #2 ,,,,
470,470,,,'매일' 아침마다 습관처럼 리스테린 쓰라는 광고!  과연 '매일' 써도 안전 할까? | 구강청결제 올바른 사용법 ,,,,
471,471,,,영상 못올린 기념 뜬금 크온구 LIVE ASMR!! ,,,,
472,472,,,"[찐의사] 치실과 치간칫솔 제대로 알고 사용하자! | 건강함의 시작, 몸의 대화 body talk EP.4 ",,,,
473,473,,,올바른 칫솔 고르는 방법! | 이것 딱 한가지만 기억하시면 됩니다~! | 치과의사가 알려주는 좋은 칫솔 고르는 법 ,,,,
474,474,,,치과의사 망하는 칫솔 종류는?  (손칫솔VS 전동칫솔VS  구강세정기) ,,,,
475,475,,,LA의 코리아타운 차이나타운 재팬타운 【아메리카1】 ,,,,
476,476,,,헐리우드 파파라치 돼보기 【아메리카2】 ,,,,
477,477,,,그랜드한 한국 일주 시리즈!! (예고편) ,,,,
478,478,,,양치질 습관! 제대로 하려면 지금 당/장/ 바꾸셔야 합니다. 치과의사 피셜 올바른 양치정보 ,,,,
479,479,,,치과위생사의 치실사용방법/치실사용법총정리/치실꼭쓰세요~ ,,,,
480,480,,,getitbeauty2019 톡.톡.톡. 빛채경 알려주는 아이크림 제대로 바르는 방법! 190920 EP.27 ,,,,
481,481,,,그동안 몰랐던 아이크림의 진실 (feat. 피부과 전문의 이하은 원장님) ,,,,
482,482,,,"(*Eng) 아이크림, 나이대별 바르는 법은?!! 눈가주름, 다크서클에 대한 궁금증까지. by 디렉터파이 ",,,,
483,483,,,Comemos Samgyupsal e tomamos Soju! ,,,,
484,484,,,클렌징 오일 완벽하게! 세수하기!!! 유화과정이 뭘까용?? 클렌징 100프로 깨끗하게 튜토리얼! 클렌징오일의 진실!!! ,,,,
485,485,,,통계학과 학생이 알려주는 데이터 분석법 ,,,,
486,486,,,라스 베가스 싸게 여행 【아메리카3】 ,,,,
487,487,,,인류의 미래를 바꿀...역사책에 기록될 사건이 될 수도 ,,,,
488,488,,,[이터널스] 메인 예고편 ,,,,
489,489,,,잘생쁨ㅎㅎ ,,,,
490,490,,,100억년 후 태양은... 이렇게나 작아진다고? 백색왜성으로 진화하는 태양! ,,,,
491,491,,,"그냥 누워계십쇼 30분안에 잠이 올겁니다 / Just Lie Down, You'll Fall Asleep Within 30 minutes! ",,,,
492,492,,,[모범택시] 4회 요약 '나이 어리다고 안 봐준다. 학폭 가해자들 혼쭐내러 갑니다' / 'Taxi Driver'｜SBSNOW ,,,,
493,493,,,YouTube Data API Tutorial with Python - Analyze Channel Statistics - Part 1 ,,,,
494,494,,,"그냥 누워계십쇼 30분안에 잠이 올겁니다 / Just Lie Down, You'll Fall Asleep Within 30 minutes! ",,,,
495,495,,,Soy와 패스트 트리거 ASMR / ASMR Fast Triggers with Soy ,,,,
496,496,,,태연 당근마켓 사건 ,,,,
497,497,,,"나, 희철, 제나의 투 머치 토크, 장보기 ",,,,
498,498,,,헐리우드 파파라치 돼보기 【아메리카2】 ,,,,
499,499,,,정신없는 미용실 ASMR RP / Haircut Roleplay ,,,,
500,500,,,Soy와 패스트 트리거 ASMR / ASMR Fast Triggers with Soy ,,,,
501,501,,,한 달 5만원으로 시작하는 남자 피부 관리 3가지! 이  3가지만 해도 관리하는 남자가 될 수 있어요! ,,,,
502,502,,,피부과 관리를 시작하고 싶은 남자분들을 위한 추천 피부과시술 3가지! ,,,,
503,503,,,남자피부관리👦🏻 잘생긴 남자들이 받는 피부과 시술은? ,,,,
504,504,,,(*Eng) 남자가 많이하는 피부과 시술 feat. 남자 피부관리 꿀팁 - Men's skincare 피부과전문의 [닥터필러] ,,,,
505,505,,,"🌠 약에 취해 쓴 가사, 𝐘𝐞𝐫𝐢𝐧 𝐁𝐚𝐞𝐤 - 𝐂𝐡𝐚𝐦𝐩𝐚𝐠𝐧𝐞 𝐒𝐮𝐩𝐞𝐫𝐧𝐨𝐯𝐚 𝐂𝐨𝐯𝐞𝐫 [가사/해석] ",,,,
506,506,,,에어팟으로 스피커 만드는법?!?🔊🎵🎶 ,,,,
507,507,,,ASMR 🦷Dentist Does Your Teeth Cleaning!! / 충치치료 ASMR ,,,,
508,508,,,"두가지 마이크로 재워드립니다/ 10가지 소리 / ASMR for people who want to go to sleep NOW!! (w/ 2 MIC, 10 Triggers) ",,,,
509,509,,,Bust Your Knee Caps (Johnny Don't Leave Me) - Pomplamoose ,,,,
510,510,,,ASMR✂️머리감겨주는 미용실 RP/ a Tingly Hairdresser RP & Haircut ASMR ,,,,
